Fecha,n_headlines,n_sources,top10_share,hhi_sources,share_cultura,share_deporte,share_economia,share_medioambiente,share_politica,share_sociedad
2017-01-01,1451,182,0.68022,0.08798,0.10682,0.2991,0.06134,0.102,0.21709,0.21365
2017-02-01,1415,182,0.67208,0.08153,0.12085,0.28481,0.06219,0.08834,0.26502,0.1788
2017-03-01,1666,204,0.63745,0.08131,0.09544,0.28331,0.06543,0.12305,0.22269,0.21008
2017-04-01,1293,179,0.59706,0.06349,0.09977,0.28152,0.06419,0.14772,0.24439,0.16241
2017-05-01,1789,196,0.65903,0.08941,0.09782,0.28675,0.04863,0.13415,0.24651,0.18614
2017-06-01,1725,208,0.65275,0.08213,0.11188,0.24116,0.05391,0.14725,0.26783,0.17797
2017-07-01,1667,187,0.64607,0.07986,0.10978,0.25255,0.05819,0.17217,0.23575,0.17157
2017-08-01,1483,183,0.64531,0.07899,0.13486,0.28186,0.05597,0.17667,0.18274,0.1679
2017-09-01,1742,223,0.63203,0.07476,0.1085,0.27784,0.05683,0.11538,0.24914,0.19231
2017-10-01,1986,214,0.65206,0.07893,0.09164,0.27039,0.05237,0.13696,0.27039,0.17825
2017-11-01,1807,207,0.63697,0.07466,0.05479,0.23907,0.06752,0.10847,0.29773,0.23243
2017-12-01,1494,162,0.6834,0.08451,0.12115,0.30589,0.06024,0.10977,0.20281,0.20013
2018-01-01,1652,182,0.67797,0.08107,0.13257,0.28935,0.05932,0.10835,0.2046,0.20581
2018-02-01,1586,195,0.66204,0.07566,0.1034,0.26734,0.07566,0.10467,0.26103,0.18789
2018-03-01,1955,202,0.66138,0.07758,0.10384,0.25473,0.06854,0.13606,0.21841,0.21841
2018-04-01,1886,199,0.65429,0.06989,0.11824,0.26034,0.05885,0.12301,0.26299,0.17656
2018-05-01,1965,208,0.64733,0.07544,0.11705,0.25445,0.05852,0.11807,0.2626,0.18931
2018-06-01,1890,217,0.62963,0.06734,0.09312,0.26455,0.05873,0.10952,0.27831,0.19577
2018-07-01,1985,203,0.64181,0.07142,0.08363,0.23879,0.07053,0.13904,0.29521,0.1728
2018-08-01,1833,202,0.62902,0.06787,0.11129,0.2695,0.05292,0.19967,0.1784,0.18822
2018-09-01,1942,203,0.62667,0.06844,0.08342,0.27858,0.07055,0.10968,0.24562,0.21215
2018-10-01,2373,223,0.65487,0.06982,0.08976,0.2756,0.05563,0.12474,0.26464,0.18963
2018-11-01,2178,230,0.64141,0.0659,0.10836,0.25344,0.06382,0.12764,0.24839,0.19835
2018-12-01,1932,196,0.67547,0.0745,0.09369,0.26346,0.06366,0.0911,0.28261,0.20549
2019-01-01,2008,205,0.66633,0.06987,0.09064,0.26843,0.08068,0.11554,0.26394,0.18078
2019-02-01,1933,211,0.6658,0.06866,0.11485,0.21262,0.0745,0.08743,0.33006,0.18055
2019-03-01,2327,215,0.67168,0.06814,0.09024,0.24065,0.07091,0.12033,0.29695,0.18092
2019-04-01,2210,224,0.67104,0.07272,0.1086,0.21765,0.06335,0.13439,0.30407,0.17195
2019-05-01,2405,247,0.63534,0.06376,0.09979,0.25572,0.08316,0.12474,0.27484,0.16175
2019-06-01,2325,250,0.65806,0.06509,0.09892,0.24344,0.06151,0.13935,0.29161,0.16516
2019-07-01,2195,227,0.64465,0.06772,0.10706,0.21595,0.08155,0.1344,0.29385,0.1672
2019-08-01,1979,216,0.65235,0.06933,0.10763,0.26276,0.06468,0.17635,0.21627,0.17231
2019-09-01,2315,248,0.64233,0.06428,0.07732,0.25832,0.09114,0.12916,0.26609,0.17797
2019-10-01,2386,245,0.61903,0.06229,0.08089,0.26362,0.07041,0.10017,0.29883,0.18609
2019-11-01,2197,240,0.61493,0.06685,0.09877,0.2376,0.08102,0.12563,0.27993,0.17706
2019-12-01,1892,197,0.66385,0.07238,0.11258,0.2315,0.08827,0.14482,0.24366,0.17918
2020-01-01,1857,216,0.6489,0.06742,0.10662,0.22456,0.08078,0.12601,0.27625,0.18578
2020-02-01,1885,221,0.60637,0.06121,0.10292,0.23926,0.0992,0.1061,0.26419,0.18833
2020-03-01,2194,273,0.60027,0.06717,0.06791,0.24202,0.08204,0.16727,0.23017,0.21057
2020-04-01,2319,261,0.63088,0.06576,0.09357,0.24148,0.09832,0.17982,0.20699,0.17982
2020-05-01,2335,257,0.59657,0.06099,0.09165,0.24197,0.08137,0.16531,0.24968,0.17002
2020-06-01,2347,271,0.60077,0.05684,0.06945,0.23434,0.07371,0.17725,0.27013,0.17512
2020-07-01,1969,245,0.58456,0.05544,0.08126,0.22245,0.10208,0.20366,0.22042,0.17014
2020-08-01,1875,226,0.61333,0.06094,0.09973,0.2368,0.0832,0.24107,0.176,0.1632
2020-09-01,2075,258,0.56867,0.05349,0.09012,0.22699,0.1012,0.17157,0.19952,0.2106
2020-10-01,2287,266,0.5763,0.05092,0.06821,0.22475,0.09751,0.16484,0.26847,0.17621
2020-11-01,2058,241,0.58017,0.05638,0.08115,0.25705,0.09281,0.16861,0.21137,0.18902
2020-12-01,1869,242,0.5923,0.06014,0.09577,0.24773,0.09096,0.16961,0.22579,0.17014
2021-01-01,1998,240,0.65165,0.07667,0.07608,0.24124,0.1026,0.18719,0.20571,0.18719
2021-02-01,2004,225,0.62974,0.0718,0.09281,0.20908,0.10629,0.12675,0.27695,0.18812
2021-03-01,2325,247,0.60043,0.0682,0.08989,0.23484,0.10151,0.12215,0.24559,0.20602
2021-04-01,2182,255,0.61503,0.0645,0.08891,0.22181,0.11182,0.13107,0.25802,0.18836
2021-05-01,2405,272,0.61247,0.06579,0.079,0.23659,0.12017,0.13846,0.25322,0.17256
2021-06-01,2459,268,0.62302,0.06818,0.07361,0.22367,0.10695,0.13217,0.27288,0.19073
2021-07-01,2346,236,0.64066,0.06916,0.08696,0.20673,0.11168,0.16709,0.26897,0.15857
2021-08-01,2042,233,0.59794,0.05821,0.10431,0.21499,0.12977,0.19393,0.16944,0.18756
2021-09-01,2394,279,0.599,0.06796,0.06809,0.2406,0.12698,0.13993,0.25647,0.16792
2021-10-01,2464,259,0.61039,0.06079,0.0836,0.27516,0.10714,0.1112,0.25041,0.17248
2021-11-01,2254,243,0.61047,0.06763,0.0945,0.23381,0.11446,0.13576,0.22493,0.19654
2021-12-01,2179,260,0.60899,0.06261,0.06012,0.23635,0.13492,0.16338,0.20743,0.1978
2022-01-01,2037,248,0.59745,0.05845,0.08591,0.23417,0.12568,0.16789,0.22386,0.16249
2022-02-01,2030,251,0.57488,0.05234,0.09015,0.22611,0.09064,0.12118,0.28522,0.1867
2022-03-01,2304,280,0.57248,0.05031,0.07812,0.25347,0.11502,0.11502,0.24479,0.19358
2022-04-01,2079,248,0.55363,0.04647,0.07407,0.24387,0.114,0.14767,0.22367,0.19673
2022-05-01,2475,285,0.56202,0.04936,0.06343,0.23434,0.11111,0.13616,0.24768,0.20727
2022-06-01,2384,273,0.58977,0.05703,0.06418,0.21267,0.09522,0.16149,0.2953,0.17114
2022-07-01,2368,282,0.57137,0.05364,0.06588,0.20017,0.11022,0.19932,0.2766,0.1478
2022-08-01,2142,267,0.53221,0.04791,0.0803,0.22736,0.09804,0.25023,0.17274,0.17134
2022-09-01,2608,309,0.57554,0.05076,0.06135,0.2385,0.11081,0.14992,0.26074,0.17868
2022-10-01,2684,299,0.5421,0.04541,0.06595,0.22765,0.09687,0.12891,0.26975,0.21088
2022-11-01,2637,287,0.59158,0.05765,0.07129,0.27607,0.08874,0.13424,0.22412,0.20554
2022-12-01,2021,226,0.59377,0.05833,0.08065,0.23899,0.10886,0.12469,0.24542,0.20139
2023-01-01,2151,242,0.5881,0.057,0.10646,0.22129,0.10693,0.12645,0.25802,0.18085
2023-02-01,2083,254,0.56505,0.05116,0.06241,0.2218,0.12242,0.1037,0.30245,0.18723
2023-03-01,2520,284,0.56071,0.0477,0.08175,0.20317,0.11349,0.11071,0.30198,0.18889
2023-04-01,2230,271,0.56278,0.04793,0.09013,0.20987,0.08924,0.14574,0.30628,0.15874
2023-05-01,2550,300,0.54275,0.04698,0.0902,0.22784,0.09922,0.11804,0.30706,0.15765
2023-06-01,2715,295,0.60368,0.05383,0.07256,0.20295,0.09797,0.12192,0.34365,0.16096
2023-07-01,2371,265,0.57107,0.05164,0.07465,0.21974,0.10544,0.14087,0.36314,0.09616
2023-08-01,1993,232,0.59609,0.05019,0.09935,0.27145,0.11089,0.20773,0.27396,0.03663
2023-09-01,2402,288,0.5791,0.0475,0.09367,0.27602,0.12198,0.14613,0.32931,0.03289
2023-10-01,2353,267,0.55631,0.04699,0.08797,0.26859,0.1343,0.16362,0.30472,0.0408
2023-11-01,2221,271,0.59748,0.04888,0.0968,0.31202,0.10626,0.14723,0.30932,0.02837
2023-12-01,1522,206,0.60447,0.05293,0.12286,0.26741,0.1452,0.13469,0.28318,0.04665
